Workbook

Sheet Semester 1 Credit Acceptance  2
B2: NIAT'26 Batch 4 - Semester 1 Credit Acceptance
B3: Scope: 6 standard NIAT subjects across 36 partner universities
B5: Standard Credit Structure
B6: Subject | C6: L | D6: T | E6: P | F6: Standard Credits
B7: Web Application Development 1 | C7: 4 | D7: 0 | E7: 2 | F7: 5
B8: Computer Programming | C8: 4 | D8: 0 | E8: 2 | F8: 5
B9: Mathematics for Computer Science | C9: 2 | D9: 1 | E9: 0 | F9: 3
B10: Communicative English Foundation | C10: 1 | D10: 0 | E10: 2 | F10: 2
B11: Quantitative Aptitude | C11: 2 | D11: 0 | E11: 2 | F11: 3
B12: Introduction to Generative AI | C12: 1 | D12: 0 | E12: 2 | F12: 2
B13: TOTAL PER UNIVERSITY | C13: =SUM(C7:C12) -> 14 | D13: =SUM(D7:D12) -> 1 | E13: =SUM(E7:E12) -> 10 | F13: =SUM(F7:F12) -> 20
B15: Universities in scope | F15: 36
B16: Target credits (20 x 36) | F16: =F13*F15 -> 720
B19: University-wise Accepted Credits
B20: Credits above the NIAT standard are capped at the standard value - acceptance cannot exceed 100% of a subject. Raw (uncapped) sums are on the 'Credit Build-up' tab.
B21: # | C21: University | D21: Delivery | E21: WAD1 (5) | F21: CP (5) | G21: MCS (3) | H21: CEF (2) | I21: QA (3) | J21: GenAI (2) | K21: Accepted | L21: % of 20
B22: 1 | C22: MR University | D22: Full | E22: 4 | F22: 4 | G22: 3 | H22: 2 | I22: 3 | J22: 2 | K22: =SUM(E22:J22) -> 18 | L22: =K22/$F$13 -> 0.9
B23: 2 | C23: Yenepoya University | D23: Full | E23: 5 | F23: 5 | G23: 3 | H23: 2 | I23: 2 | J23: 0 | K23: =SUM(E23:J23) -> 17 | L23: =K23/$F$13 -> 0.85
B24: 3 | C24: SGU | D24: Full | E24: 5 | F24: 5 | G24: 2 | H24: 2 | I24: 3 | J24: 2 | K24: =SUM(E24:J24) -> 19 | L24: =K24/$F$13 -> 0.95
B25: 4 | C25: CDU | D25: Co | E25: 5 | F25: 5 | G25: 3 | H25: 2 | I25: 3 | J25: 2 | K25: =SUM(E25:J25) -> 20 | L25: =K25/$F$13 -> 1
B26: 5 | C26: ADYPU University | D26: Full | E26: 4 | F26: 4 | G26: 3 | H26: 2 | I26: 0 | J26: 2 | K26: =SUM(E26:J26) -> 15 | L26: =K26/$F$13 -> 0.75
B27: 6 | C27: Annamacharya University | D27: Co | E27: 5 | F27: 5 | G27: 3 | H27: 2 | I27: 2 | J27: 2 | K27: =SUM(E27:J27) -> 19 | L27: =K27/$F$13 -> 0.95
B28: 7 | C28: S-VYASA | D28: Full | E28: 4 | F28: 5 | G28: 3 | H28: 2 | I28: 2 | J28: 2 | K28: =SUM(E28:J28) -> 18 | L28: =K28/$F$13 -> 0.9
B29: 8 | C29: Vivekananda Global University | D29: Full | E29: 4 | F29: 4 | G29: 3 | H29: 2 | I29: 3 | J29: 2 | K29: =SUM(E29:J29) -> 18 | L29: =K29/$F$13 -> 0.9
B30: 9 | C30: NRI Institute of Technology | D30: Full | E30: 4 | F30: 4 | G30: 3 | H30: 2 | I30: 2 | J30: 2 | K30: =SUM(E30:J30) -> 17 | L30: =K30/$F$13 -> 0.85
B31: 10 | C31: NSRIT | D31: Co | E31: 4.5 | F31: 4.5 | G31: 3 | H31: 2 | I31: 3 | J31: 2 | K31: =SUM(E31:J31) -> 19 | L31: =K31/$F$13 -> 0.95
B32: 11 | C32: Chalapathy | D32: Co | E32: 4 | F32: 4 | G32: 3 | H32: 2 | I32: 2 | J32: 2 | K32: =SUM(E32:J32) -> 17 | L32: =K32/$F$13 -> 0.85
B33: 12 | C33: Noida International University | D33: Full | E33: 4 | F33: 5 | G33: 3 | H33: 2 | I33: 3 | J33: 2 | K33: =SUM(E33:J33) -> 19 | L33: =K33/$F$13 -> 0.95
... B57: 36 | C57: Visakha Inst. of Engg & Tech | D57: Full | E57: 4 | F57: 5 | G57: 3 | H57: 2 | I57: 3 | J57: 2 | K57: =SUM(E57:J57) -> 19 | L57: =K57/$F$13 -> 0.95
C58: TOTAL | E58: =SUM(E22:E57) -> 146.5 | F58: =SUM(F22:F57) -> 169.5 | G58: =SUM(G22:G57) -> 107 | H58: =SUM(H22:H57) -> 71 | I58: =SUM(I22:I57) -> 92 | J58: =SUM(J22:J57) -> 63 | K58: =SUM(K22:K57) -> 649 | L58: =K58/$F$16 -> 0.90138889
B61: CREDIT ACCEPTANCE %
B62: Total credits accepted | E62: =K58 -> 649
B63: Total target credits | E63: =$F$16 -> 720
B64: Credit Acceptance % | E64: =E62/E63 -> 0.90138889
B65: Shortfall (credits) | E65: =E63-E62 -> 71

Sheet Semester 3 Credit Acceptance 20
B2: NIAT'25 Batch 3 — Semester 3 Credit Acceptance
B3: Scope: 6 standard NIAT subjects across 17 partner universities
B5: Standard Credit Structure
B6: Subject | C6: L | D6: T | E6: P | F6: Standard Credits
B7: Back End Development | C7: 3 | D7: 0 | E7: 2 | F7: 4
B8: Design and Analysis of Algorithms | C8: 4 | D8: 0 | E8: 4 | F8: 6
B9: Probability and Statistics | C9: 3 | D9: 1 | E9: 0 | F9: 4
B10: Logical Reasoning | C10: 1 | D10: 0 | E10: 2 | F10: 2
B11: Applied Communicative English | C11: 1 | D11: 0 | E11: 2 | F11: 2
B12: AI for Finance | C12: 2 | D12: 0 | E12: 2 | F12: 3
B13: TOTAL PER UNIVERSITY | C13: =SUM(C7:C12) -> 14 | D13: =SUM(D7:D12) -> 1 | E13: =SUM(E7:E12) -> 12 | F13: =SUM(F7:F12) -> 21
B15: Universities in scope | F15: 17
B16: Target credits (21 × 16) | F16: =F13*F15 -> 357
B19: University-wise Accepted Credits
B20: Credits above the NIAT standard are capped at the standard value — acceptance cannot exceed 100% of a subject.
B21: # | C21: University | D21: Delivery | E21: BED (4) | F21: DAA (6) | G21: P&S (4) | H21: LR (2) | I21: ACE (2) | J21: AI-Fin (3) | K21: Accepted | L21: % of 21
B22: 1 | C22: MRV University | D22: Full | E22: 4 | F22: 5 | G22: 3 | H22: 2 | I22: 2 | J22: 0 | K22: =SUM(E22:J22) -> 16 | L22: =K22/F13 -> 0.76190476
B23: 2 | C23: Yenepoya University | D23: Co | E23: 4 | F23: 6 | G23: 4 | H23: 2 | I23: 2 | J23: 2 | K23: =SUM(E23:J23) -> 20 | L23: =K23/F13 -> 0.95238095
B24: 3 | C24: SGU | D24: Co | E24: 4 | F24: 5 | G24: 3 | H24: 2 | I24: 2 | J24: 2 | K24: =SUM(E24:J24) -> 18 | L24: =K24/F13 -> 0.85714286
B25: 4 | C25: CDU | D25: Co | E25: 4 | F25: 6 | G25: 4 | H25: 2 | I25: 2 | J25: 3 | K25: =SUM(E25:J25) -> 21 | L25: =K25/F13 -> 1
B26: 5 | C26: ADYPU University | D26: Full | E26: 4 | F26: 4 | G26: 3 | H26: 2 | I26: 0 | J26: 3 | K26: =SUM(E26:J26) -> 16 | L26: =K26/F13 -> 0.76190476
B27: 6 | C27: Annamacharya University | D27: Co | E27: 4 | F27: 4 | G27: 3 | H27: 2 | I27: 2 | J27: 2 | K27: =SUM(E27:J27) -> 17 | L27: =K27/F13 -> 0.80952381
B28: 7 | C28: S-VYASA | D28: Co | E28: 4 | F28: 5 | G28: 3 | H28: 2 | I28: 2 | J28: 2 | K28: =SUM(E28:J28) -> 18 | L28: =K28/F13 -> 0.85714286
B29: 8 | C29: Vivekananda Global University | D29: Full | E29: 4 | F29: 4 | G29: 4 | H29: 2 | I29: 2 | J29: 0 | K29: =SUM(E29:J29) -> 16 | L29: =K29/F13 -> 0.76190476
B30: 9 | C30: NRI Institute of Technology | D30: Co | E30: 4 | F30: 4.5 | G30: 3 | H30: 2 | I30: 2 | J30: 2 | K30: =SUM(E30:J30) -> 17.5 | L30: =K30/F13 -> 0.83333333
B31: 10 | C31: NSRIT | D31: Hybrid | E31: 4 | F31: 4 | G31: 4 | H31: 2 | I31: 2 | J31: 2 | K31: =SUM(E31:J31) -> 18 | L31: =K31/F13 -> 0.85714286
B32: 11 | C32: Chalapathy | D32: Hybrid | E32: 4 | F32: 4 | G32: 4 | H32: 2 | I32: 2 | J32: 2 | K32: =SUM(E32:J32) -> 18 | L32: =K32/F13 -> 0.85714286
B33: 12 | C33: NIAT Chevella (BITS) | D33: Hybrid | E33: 4 | F33: 4 | G33: 4 | H33: 2 | I33: 2 | J33: 2 | K33: =SUM(E33:J33) -> 18 | L33: =K33/F13 -> 0.85714286
B34: 13 | C34: Noida International University | D34: Co | E34: 4 | F34: 6 | G34: 4 | H34: 2 | I34: 2 | J34: 3 | K34: =SUM(E34:J34) -> 21 | L34: =K34/F13 -> 1
B35: 14 | C35: Crescent University | D35: Co | E35: 4 | F35: 4 | G35: 4 | H35: 1 | I35: 2 | J35: 0 | K35: =SUM(E35:J35) -> 15 | L35: =K35/F13 -> 0.71428571
B36: 15 | C36: Takshashila University | D36: Co | E36: 4 | F36: 6 | G36: 4 | H36: 2 | I36: 2 | J36: 2 | K36: =SUM(E36:J36) -> 20 | L36: =K36/F13 -> 0.95238095
B37: 16 | C37: AMET | D37: Full | E37: 4 | F37: 6 | G37: 4 | H37: 2 | I37: 2 | J37: 3 | K37: =SUM(E37:J37) -> 21 | L37: =K37/F13 -> 1
C38: TOTAL | E38: =SUM(E22:E37) -> 64 | F38: =SUM(F22:F37) -> 77.5 | G38: =SUM(G22:G37) -> 58 | H38: =SUM(H22:H37) -> 31 | I38: =SUM(I22:I37) -> 30 | J38: =SUM(J22:J37) -> 30 | K38: =SUM(K22:K37) -> 290.5 | L38: =K38/F16 -> 0.81372549
B41: CREDIT ACCEPTANCE %
B42: Total credits accepted | E42: =K38 -> 290.5
B43: Total target credits | E43: =F16 -> 357
B44: Credit Acceptance % | E44: =E42/E43 -> 0.81372549
B45: Shortfall (credits) | E45: =E43-E42 -> 66.5

Sheet Subject-wise Gap
B2: Subject-wise Credit Acceptance & Gap
B4: Subject | C4: Standard Credits | D4: Target (× 17) | E4: Accepted | F4: Gap | G4: Acceptance % | H4: Share of Total Gap
B5: Back End Development | C5: ='Semester 3 Credit Acceptance 20'!F7 -> 4 | D5: =C5*'Semester 3 Credit Acceptance 20'!$F$15 -> 68 | E5: ='Semester 3 Credit Acceptance 20'!E38 -> 64 | F5: =D5-E5 -> 4 | G5: =E5/D5 -> 0.94117647 | H5: =F5/$F$11 -> 0.060150376
B6: Design and Analysis of Algorithms | C6: ='Semester 3 Credit Acceptance 20'!F8 -> 6 | D6: =C6*'Semester 3 Credit Acceptance 20'!$F$15 -> 102 | E6: ='Semester 3 Credit Acceptance 20'!F38 -> 77.5 | F6: =D6-E6 -> 24.5 | G6: =E6/D6 -> 0.75980392 | H6: =F6/$F$11 -> 0.36842105
B7: Probability and Statistics | C7: ='Semester 3 Credit Acceptance 20'!F9 -> 4 | D7: =C7*'Semester 3 Credit Acceptance 20'!$F$15 -> 68 | E7: ='Semester 3 Credit Acceptance 20'!G38 -> 58 | F7: =D7-E7 -> 10 | G7: =E7/D7 -> 0.85294118 | H7: =F7/$F$11 -> 0.15037594
B8: Logical Reasoning | C8: ='Semester 3 Credit Acceptance 20'!F10 -> 2 | D8: =C8*'Semester 3 Credit Acceptance 20'!$F$15 -> 34 | E8: ='Semester 3 Credit Acceptance 20'!H38 -> 31 | F8: =D8-E8 -> 3 | G8: =E8/D8 -> 0.91176471 | H8: =F8/$F$11 -> 0.045112782
B9: Applied Communicative English | C9: ='Semester 3 Credit Acceptance 20'!F11 -> 2 | D9: =C9*'Semester 3 Credit Acceptance 20'!$F$15 -> 34 | E9: ='Semester 3 Credit Acceptance 20'!I38 -> 30 | F9: =D9-E9 -> 4 | G9: =E9/D9 -> 0.88235294 | H9: =F9/$F$11 -> 0.060150376
B10: AI for Finance | C10: ='Semester 3 Credit Acceptance 20'!F12 -> 3 | D10: =C10*'Semester 3 Credit Acceptance 20'!$F$15 -> 51 | E10: ='Semester 3 Credit Acceptance 20'!J38 -> 30 | F10: =D10-E10 -> 21 | G10: =E10/D10 -> 0.58823529 | H10: =F10/$F$11 -> 0.31578947
B11: TOTAL | C11: =SUM(C5:C10) -> 21 | D11: =SUM(D5:D10) -> 357 | E11: =SUM(E5:E10) -> 290.5 | F11: =SUM(F5:F10) -> 66.5 | G11: =E11/D11 -> 0.81372549 | H11: 1
B13: Reading the gap
B14: DAA and AI for Finance together account for roughly three-quarters of the total credit shortfall.
B15: Zero-credit universities — AI for Finance: MRV (0-credit workshop), VGU, Crescent, Aurora.

Sheet Course Name Mapping
B2: Audit Trail — University Course Name → NIAT Standard Subject
B3: Mapping driven by the TAGS column of the source sheet, not by university course titles.
B5: University | C5: Back End Development | D5: Design and Analysis of Algorithms | E5: Probability and Statistics | F5: Logical Reasoning | G5: Applied Communicative English | H5: AI for Finance
B6: MRV University | C6: Back End Web Technologies | D6: Design and Analysis of Algorithms | E6: Probability and Statistics | F6: Logical Reasoning and Analytical Skills | G6: Advanced Communication Skills | H6: AI for Finance (Workshop - 0 credits)
B7: Yenepoya University | C7: Back End Development | D7: Design and Analysis of Algorithms | E7: Probability and Statistics | F7: Logical Reasoning | G7: Applied Communicative English | H7: Intro to Finance
B8: SGU | C8: Server Side Engineering | D8: Design and Analysis of Algorithms | E8: Probability and Statistics | F8: Logical Reasoning | G8: Open Elective I | H8: Multidisciplinary Minor I
B9: CDU | C9: Back End Development | D9: Design and Analysis of Algorithms | E9: Probability and Statistics | F9: Logical Reasoning | G9: Applied Communicative English | H9: AI for Finance
B10: ADYPU University | C10: Back End Development | D10: Design and Analysis of Algorithms | E10: Probability and Statistics | F10: Logical Reasoning | G10: Applied Communicative English (0 credits) | H10: AI for Finance
B11: Annamacharya University | C11: Back End Development | D11: Advanced Data Structures | E11: Probability and Statistics | F11: Logical Reasoning | G11: Applied Communicative English | H11: AI for Finance
B12: S-VYASA | C12: Back End Development | D12: Core Data Structures & Intermediate Algorithms | E12: Fundamentals of Probability and Statistics | F12: Logical Reasoning | G12: Applied Communicative English | H12: Intro to Finance
B13: Vivekananda Global University | C13: Back End Development | D13: Advanced Data Structures | E13: Probability and Statistics | F13: Skill Enhancement Course - 3 | G13: Ability Enhancement Course - 3 | H13: Not offered
B14: NRI Institute of Technology | C14: Back End Development | D14: Advanced Data Structures | E14: Probability and Statistics | F14: Logical Mathematics For Software Engineers III | G14: Applied Communicative English | H14: Applied AI for Financial Systems
B15: NSRIT | C15: Back End Development | D15: Design and Analysis of Algorithms | E15: Probability and Statistics | F15: Logical Reasoning | G15: Applied Communicative English | H15: AI for Finance
B16: Chalapathy | C16: Back End Development | D16: Design and Analysis of Algorithms | E16: Probability and Statistics | F16: Logical Reasoning | G16: Applied Communicative English | H16: AI for Finance
... B22: Aurora | C22: Not offered | D22: Data Structures Using C++ (different curriculum) | E22: Probability Theory and Statistical Analysis | F22: Not offered | G22: English Language Proficiency B2 (different tag) | H22: Not offered

Sheet Assumptions
B2: Assumptions & Method
B4: Source | C4: NIAT'25 Batch 3 — 17 Universities, Sem-3 subject status sheet (user-supplied PDF).
B5: Standard structure | C5: 6 subjects / 21 credits, per the credit structure screenshot supplied by the user.
B6: Denominator | C6: 21 credits × 17 universities = 357 target credits.
B7: Subject matching | C7: Driven by the TAGS column, not university course titles. See 'Course Name Mapping' tab.
B8: Finance aliases | C8: AI for Finance = Intro to Finance = Introduction to Finance = Applied AI for Financial Systems = SGU Multidisciplinary Minor I.
B9: Capping rule | C9: Where a university allots more credits than the NIAT standard, the excess is capped at the standard. Uncapped total would be 302 (84.6%).
B10: MRV — AI for Finance | C10: Listed as a Workshop with 0 credits. Counted as 0. If credited at 2 / 3, overall acceptance rises to 83.05% / 83.33%.
B11: Aurora | C11: Runs a different Sem-3 curriculum (Data Structures C++, DBMS, Foundations of Data Science, Fundamentals of AI). Only Probability & Statistics tag-matches. Its English course is tagged 'Communicative English Advanced' and is excluded.
B12: Blank credit cells | C12: Universities listing only a credit total (Chalapathy, Takshashila) have that total used directly; L-T-P split unavailable in source.
B13: Excluded | C13: Compliance courses, university-only courses, workshops and electives outside the 6 standard subjects.

Sheet Subject-wise Gap (1)
B2: Subject-wise Credit Acceptance & Gap
B4: Subject | C4: Standard Credits | D4: Target (x 36) | E4: Accepted | F4: Gap | G4: Acceptance % | H4: Share of Total Gap
B5: Web Application Development 1 | C5: ='Semester 1 Credit Acceptance 2'!F7 -> 5 | D5: =C5*'Semester 1 Credit Acceptance 2'!$F$15 -> 180 | E5: ='Semester 1 Credit Acceptance 2'!E58 -> 146.5 | F5: =D5-E5 -> 33.5 | G5: =E5/D5 -> 0.81388889 | H5: =F5/$F$11 -> 0.47183099
B6: Computer Programming | C6: ='Semester 1 Credit Acceptance 2'!F8 -> 5 | D6: =C6*'Semester 1 Credit Acceptance 2'!$F$15 -> 180 | E6: ='Semester 1 Credit Acceptance 2'!F58 -> 169.5 | F6: =D6-E6 -> 10.5 | G6: =E6/D6 -> 0.94166667 | H6: =F6/$F$11 -> 0.14788732
B7: Mathematics for Computer Science | C7: ='Semester 1 Credit Acceptance 2'!F9 -> 3 | D7: =C7*'Semester 1 Credit Acceptance 2'!$F$15 -> 108 | E7: ='Semester 1 Credit Acceptance 2'!G58 -> 107 | F7: =D7-E7 -> 1 | G7: =E7/D7 -> 0.99074074 | H7: =F7/$F$11 -> 0.014084507
B8: Communicative English Foundation | C8: ='Semester 1 Credit Acceptance 2'!F10 -> 2 | D8: =C8*'Semester 1 Credit Acceptance 2'!$F$15 -> 72 | E8: ='Semester 1 Credit Acceptance 2'!H58 -> 71 | F8: =D8-E8 -> 1 | G8: =E8/D8 -> 0.98611111 | H8: =F8/$F$11 -> 0.014084507
B9: Quantitative Aptitude | C9: ='Semester 1 Credit Acceptance 2'!F11 -> 3 | D9: =C9*'Semester 1 Credit Acceptance 2'!$F$15 -> 108 | E9: ='Semester 1 Credit Acceptance 2'!I58 -> 92 | F9: =D9-E9 -> 16 | G9: =E9/D9 -> 0.85185185 | H9: =F9/$F$11 -> 0.22535211
B10: Introduction to Generative AI | C10: ='Semester 1 Credit Acceptance 2'!F12 -> 2 | D10: =C10*'Semester 1 Credit Acceptance 2'!$F$15 -> 72 | E10: ='Semester 1 Credit Acceptance 2'!J58 -> 63 | F10: =D10-E10 -> 9 | G10: =E10/D10 -> 0.875 | H10: =F10/$F$11 -> 0.12676056
B11: TOTAL | C11: =SUM(C5:C10) -> 20 | D11: =SUM(D5:D10) -> 720 | E11: =SUM(E5:E10) -> 649 | F11: =SUM(F5:F10) -> 71 | G11: =E11/D11 -> 0.90138889 | H11: 1
B13: Reading the gap
B14: WAD1 is the single largest gap - most universities allot 4 credits against the 5-credit standard.
B15: Quantitative Aptitude has four zero-credit universities: ADYPU (0 credits), Crescent (not offered), Aurora (workshop), and none where the tag is mis-assigned.
B16: Introduction to Generative AI has four zeros: Yenepoya (0 credits), Crescent (not offered), Aurora (workshop), SPIHER (mis-tagged as QA).

Sheet Credit Build-up
B2: Raw vs Capped Credits - Cap Audit Trail
B3: Raw = sum of every course carrying that tag (theory + lab). Capped = min(raw, NIAT standard). Cells where raw exceeds standard are shaded.
B5: University | C5: WAD1 raw | D5: WAD1 capped | E5: CP raw | F5: CP capped | G5: MCS raw | H5: MCS capped | I5: CEF raw | J5: CEF capped | K5: QA raw | L5: QA capped | M5: GenAI raw | N5: GenAI capped | O5: Source notes / data-quality flags
B6: MR University | C6: 4 | D6: 4 | E6: 4 | F6: 4 | G6: 3 | H6: 3 | I6: 2 | J6: 2 | K6: 4 | L6: 3 | M6: 3 | N6: 2
B7: Yenepoya University | C7: 5 | D7: 5 | E7: 6 | F7: 5 | G7: 3 | H7: 3 | I7: 2 | J7: 2 | K7: 2 | L7: 2 | M7: 0 | N7: 0 | O7: GenAI course listed 2-0-2 but 0 credits
B8: SGU | C8: 5 | D8: 5 | E8: 5 | F8: 5 | G8: 2 | H8: 2 | I8: 2 | J8: 2 | K8: 3 | L8: 3 | M8: 2 | N8: 2 | O8: WAD1 & CP each = theory + lab
B9: CDU | C9: 5 | D9: 5 | E9: 5 | F9: 5 | G9: 3 | H9: 3 | I9: 2 | J9: 2 | K9: 3 | L9: 3 | M9: 2 | N9: 2
B10: ADYPU University | C10: 4 | D10: 4 | E10: 4 | F10: 4 | G10: 4 | H10: 3 | I10: 2 | J10: 2 | K10: 0 | L10: 0 | M10: 2 | N10: 2 | O10: Applied Quantitative Aptitude carries 0 credits
B11: Annamacharya University | C11: 6 | D11: 5 | E11: 6 | F11: 5 | G11: 3 | H11: 3 | I11: 2 | J11: 2 | K11: 2 | L11: 2 | M11: 2 | N11: 2 | O11: WAD1 & CP each = theory + lab
B12: S-VYASA | C12: 4 | D12: 4 | E12: 6 | F12: 5 | G12: 3 | H12: 3 | I12: 2 | J12: 2 | K12: 2 | L12: 2 | M12: 2 | N12: 2 | O12: Source tags QA/CEF swapped against course names
B13: Vivekananda Global University | C13: 4 | D13: 4 | E13: 4 | F13: 4 | G13: 3 | H13: 3 | I13: 2 | J13: 2 | K13: 3 | L13: 3 | M13: 2 | N13: 2
B14: NRI Institute of Technology | C14: 4 | D14: 4 | E14: 4 | F14: 4 | G14: 3 | H14: 3 | I14: 2 | J14: 2 | K14: 2 | L14: 2 | M14: 4 | N14: 2 | O14: Developer Tools Lab + Health/Yoga also tagged GenAI
B15: NSRIT | C15: 4.5 | D15: 4.5 | E15: 4.5 | F15: 4.5 | G15: 3 | H15: 3 | I15: 2 | J15: 2 | K15: 3 | L15: 3 | M15: 2 | N15: 2 | O15: Labs carry 1.5 credits each
B16: Chalapathy | C16: 4 | D16: 4 | E16: 4 | F16: 4 | G16: 3 | H16: 3 | I16: 3 | J16: 2 | K16: 2 | L16: 2 | M16: 2 | N16: 2 | O16: Tags scrambled: QA/CEF swapped; CP Lab tagged GenAI; GenAI tagged Compliance
B17: Noida International University | C17: 4 | D17: 4 | E17: 6 | F17: 5 | G17: 3 | H17: 3 | I17: 2 | J17: 2 | K17: 3 | L17: 3 | M17: 2 | N17: 2
B18: Crescent University | C18: 4 | D18: 4 | E18: 4 | F18: 4 | G18: 4 | H18: 3 | I18: 2 | J18: 2 | K18: 0 | L18: 0 | M18: 0 | N18: 0 | O18: No QA or GenAI course in Sem-1
B19: Takshashila University | C19: 4 | D19: 4 | E19: 4 | F19: 4 | G19: 4 | H19: 3 | I19: 3 | J19: 2 | K19: 3 | L19: 3 | M19: 3 | N19: 2 | O19: Credit totals only; no L-T-P split in source
B20: AMET | C20: 4 | D20: 4 | E20: 6 | F20: 5 | G20: 3 | H20: 3 | I20: 2 | J20: 2 | K20: 3 | L20: 3 | M20: 2 | N20: 2
B21: Aurora | C21: 8 | D21: 5 | E21: 8 | F21: 5 | G21: 8 | H21: 3 | I21: 1 | J21: 1 | K21: 0 | L21: 0 | M21: 0 | N21: 0 | O21: Two courses per tag; QA & GenAI run as 0-credit Workshops
B22: Alard University | C22: 4 | D22: 4 | E22: 6 | F22: 5 | G22: 3 | H22: 3 | I22: 2 | J22: 2 | K22: 3 | L22: 3 | M22: 3 | N22: 2
B23: St. Mary's Rehabilitation Univ. | C23: 4 | D23: 4 | E23: 6 | F23: 5 | G23: 3 | H23: 3 | I23: 2 | J23: 2 | K23: 3 | L23: 3 | M23: 2 | N23: 2
B24: BEST Innovation University | C24: 4 | D24: 4 | E24: 6 | F24: 5 | G24: 3 | H24: 3 | I24: 2 | J24: 2 | K24: 3 | L24: 3 | M24: 2 | N24: 2
B25: JOY University | C25: 3 | D25: 3 | E25: 5 | F25: 5 | G25: 4 | H25: 3 | I25: 3 | J25: 2 | K25: 3 | L25: 3 | M25: 2 | N25: 2
B26: Sandip University | C26: 4 | D26: 4 | E26: 6 | F26: 5 | G26: 3 | H26: 3 | I26: 2 | J26: 2 | K26: 3 | L26: 3 | M26: 2 | N26: 2
B27: Scope Global Skills University | C27: 4 | D27: 4 | E27: 6 | F27: 5 | G27: 3 | H27: 3 | I27: 2 | J27: 2 | K27: 3 | L27: 3 | M27: 2 | N27: 2
B28: SPIHER (St. Peter's) | C28: 4 | D28: 4 | E28: 6 | F28: 5 | G28: 3 | H28: 3 | I28: 2 | J28: 2 | K28: 5 | L28: 3 | M28: 0 | N28: 0 | O28: GenAI course mis-tagged as Quantitative Aptitude
B29: Sushanth University | C29: 4 | D29: 4 | E29: 6 | F29: 5 | G29: 3 | H29: 3 | I29: 2 | J29: 2 | K29: 3 | L29: 3 | M29: 2 | N29: 2
B30: Sanskriti University | C30: 3 | D30: 3 | E30: 4 | F30: 4 | G30: 4 | H30: 3 | I30: 2 | J30: 2 | K30: 4 | L30: 3 | M30: 3 | N30: 2
B31: SNS | C31: 4 | D31: 4 | E31: 4 | F31: 4 | G31: 4 | H31: 3 | I31: 2 | J31: 2 | K31: 3 | L31: 3 | M31: 2 | N31: 2
B32: T.S Mishra University | C32: 3 | D32: 3 | E32: 5 | F32: 5 | G32: 3 | H32: 3 | I32: 2 | J32: 2 | K32: 3 | L32: 3 | M32: 2 | N32: 2
B33: Subharti University | C33: 4 | D33: 4 | E33: 6 | F33: 5 | G33: 4 | H33: 3 | I33: 3 | J33: 2 | K33: 2 | L33: 2 | M33: 3 | N33: 2
B34: Geeta University | C34: 5 | D34: 5 | E34: 4 | F34: 4 | G34: 3 | H34: 3 | I34: 2 | J34: 2 | K34: 3 | L34: 3 | M34: 3 | N34: 2 | O34: CP delivered as an 8-hour lab course
B35: Lingaya's Vidyapeeth | C35: 4 | D35: 4 | E35: 6 | F35: 5 | G35: 3 | H35: 3 | I35: 2 | J35: 2 | K35: 3 | L35: 3 | M35: 2 | N35: 2
B36: Sri Sri University | C36: 4 | D36: 4 | E36: 5 | F36: 5 | G36: 3 | H36: 3 | I36: 2 | J36: 2 | K36: 3 | L36: 3 | M36: 2 | N36: 2
B37: GMRIT University | C37: 3 | D37: 3 | E37: 5 | F37: 5 | G37: 3 | H37: 3 | I37: 3 | J37: 2 | K37: 2 | L37: 2 | M37: 1 | N37: 1 | O37: GenAI only 0-0-2 = 1 credit
B38: LIMAT - Vijayawada | C38: 4 | D38: 4 | E38: 6 | F38: 5 | G38: 3 | H38: 3 | I38: 2 | J38: 2 | K38: 3 | L38: 3 | M38: 2 | N38: 2
B39: Bharath University - Chennai | C39: 4 | D39: 4 | E39: 6 | F39: 5 | G39: 3 | H39: 3 | I39: 2 | J39: 2 | K39: 3 | L39: 3 | M39: 2 | N39: 2 | O39: Source rows still labelled LIMAT - verify
B40: PK Das Deemed University | C40: 4 | D40: 4 | E40: 6 | F40: 5 | G40: 3 | H40: 3 | I40: 2 | J40: 2 | K40: 3 | L40: 3 | M40: 2 | N40: 2 | O40: Source rows still labelled LIMAT - verify
B41: Visakha Inst. of Engg & Tech | C41: 4 | D41: 4 | E41: 6 | F41: 5 | G41: 3 | H41: 3 | I41: 2 | J41: 2 | K41: 3 | L41: 3 | M41: 2 | N41: 2 | O41: Source rows still labelled LIMAT - verify

Sheet Assumptions (1)
B2: Assumptions, Method & Open Questions
B4: Source | C4: NIAT'26 Batch 4 - Sem-1 subject status sheet (user-supplied PDF).
B5: Standard structure | C5: 6 subjects / 20 credits, per the Sem-1 credit structure screenshot supplied by the user.
B6: Denominator | C6: 20 credits x 36 universities = 720 target credits.
B7: OPEN: university count | C7: The tab is named '34 Universities' but contains 36 blocks (numbering runs 1-38; 12, 20 and 25 are missing, 26 is used twice). Built at 36. At 34 the denominator becomes 680 and acceptance reads 95.4%; confirm the intended roster.
B8: OPEN: duplicate blocks | C8: Blocks 36, 37 and 38 (Bharath, PK Das, Visakha) carry 'LIMAT' in the university-name column with data identical to LIMAT. Treated as real universities; confirm they are not un-edited template copies.
B9: Subject matching | C9: Driven by the TAGS column, not university course titles.
B10: Theory + lab | C10: Where a subject is split into a theory course and a lab course, both are summed (e.g. SGU: WAD I 3 + WAD I Lab 2 = 5).
B11: Capping rule | C11: Where the tag total exceeds the NIAT standard, the excess is capped at the standard. See 'Credit Build-up' tab for raw sums.
B12: Tag errors carried as-is | C12: S-VYASA and Chalapathy have QA and CEF tags swapped against their course names; Chalapathy also tags CP Lab as GenAI and its GenAI course as Compliance; SPIHER tags its GenAI course as QA. The tag was followed in every case - correcting them at source would shift those rows.
B13: Zero-credit courses | C13: Yenepoya GenAI (2-0-2 but 0 credits), ADYPU Applied QA (0), Aurora QA and GenAI (0-credit Workshops) are counted as 0.
B14: Missing L-T-P | C14: Takshashila and Aurora list credit totals only; those totals were used directly.
B15: Excluded | C15: Compliance courses, university-only courses, and anything tagged 'Others' outside the 6 standard subjects.
